StudentName,Gender,StudyHours,Attendance,Math_Marks,Science_Marks,English_Marks
Student_25,Female,6.4,86.0,64.4,73.5,75.9
Student_40,Male,9.9,74.0,100.0,89.3,99.9
Student_52,Female,6.6,78.0,94.2,85.7,85.0
Student_28,Female,2.8,84.0,36.5,44.6,43.3
Student_11,Male,2.1,88.0,52.4,48.7,51.4
Student_3,Male,1.6,83.0,39.7,44.8,38.7
Student_22,Male,8.0,90.0,88.6,100.0,88.0
Student_43,Female,1.0,87.0,21.2,21.3,24.2
Student_42,Male,2.8,83.0,47.4,55.3,46.8
Student_45,Female,7.4,92.0,79.5,80.2,75.8
Student_39,Male,1.7,73.0,64.4,60.7,59.2
Student_54,,1.6,97.0,,36.6,33.4
Student_36,Male,5.9,81.0,59.9,54.3,55.3
Student_27,Female,1.8,93.0,44.1,40.8,35.8
Student_57,Female,7.6,91.0,84.2,78.1,85.1
Student_49,Female,4.2,85.0,60.0,47.8,66.2
Student_4,Male,9.5,,100.0,100.0,100.0
Student_41,Male,8.0,79%,,80.8,87.0
Student_37,Female,2.3,81.0,,44.7,62.4
Student_11,Male,2.1,88.0,52.4,48.7,51.4
Student_56,Female,3.9,88.0,49.6,52.4,51.5
Student_20,Male,2.7,91.0,47.2,56.9,43.8
Student_35,Female,3.5,87.0,59.1,57.4,64.4
Student_60,Male,5.2,85.0,,57.7,57.5
Student_18,Female,5.7,75.0,69.1,59.6,56.5
Student_55,Male,3.8,84.0,63.7,72.1,74.3
Student_53,Male,4.0,89.0,68.5,60.6,59.5
Student_48,Male,1.7,77.0,51.7,51.4,42.8
Student_34,Female,4.2,87.0,60.8,45.6,61.5
Student_51,Male,8.8,88.0,95.6,93.0,100.0
Student_32,Male,3.4,80.0,56.8,54.0,50.8
Student_59,Male,9.0,87.0,83.4,78.2,90.0
Student_14,Male,9.2,,99.6,96.4,92.6
Student_23,Female,9.5,85.0,94.0,96.2,100.0
Student_33,Female,8.5,78.0,69.8,88.6,75.5
Student_31,Male,4.5,88.0,56.1,59.1,62.5
Student_50,Female,2.0,83.0,44.9,38.8,39.8
Student_24,Female,9.1,78.0,99.1,100.0,87.3
Student_5,Male,9.7,92.0,87.6,94.2,100.0
Student_15,Female,3.3,78.0,58.6,73.1,43.9
Student_30,Female,3.9,82.0,62.9,59.1,56.3
Student_29,Female,1.4,78.0,55.1,41.1,47.2
Student_58,Male,6.7,82.0,96.3,90.7,93.5
Student_47,Female,7.9,85.0,82.2,93.7,83.4
Student_19,Female,5.9,,71.5,80.8,89.2
Student_26,Female,9.3,80.0,89.3,92.1,88.3
Student_21,Female,9.7,90.0,91.6,92.1,85.9
Student_26,Female,9.3,80.0,89.3,92.1,88.3
Student_7,Male,3.7,95.0,31.6,37.3,25.6
Student_46,Female,7.6,84.0,100.0,96.4,100.0
Student_8,Male,1.9,85.0,60.7,55.3,49.6
Student_4,Male,9.5,,100.0,100.0,100.0
Student_2,Female,2.5,83.0,42.3,35.7,47.7
Student_17,Female,3.8,77.0,52.6,43.1,49.6
Student_1,,6.5,89.0,77.4,71.8,89.3
Student_16,Male,7.0,100%,73.8,79.2,65.7
Student_6,Female,8.3,92%,99.7,89.8,100.0
Student_12,Male,5.5,84.0,45.9,45.2,57.5
Student_10,Female,5.0,83.0,61.0,63.5,57.7
Student_9,Male,7.2,90.0,75.0,73.6,87.8
Student_13,Male,1.3,86.0,42.2,43.2,34.6
Student_44,Female,8.3,97.0,80.5,85.9,81.1
Student_38,Male,8.2,87.0,89.5,94.0,73.8
